Date,Open,High,Low,Close,Adj Close,Volume,Total traded
2019-12-31,7587.10009765625,7587.39990234375,7532.39990234375,7542.39990234375,7542.39990234375,212142200,1609544106337.0117
2020-01-02,7542.39990234375,7624.7998046875,7542.39990234375,7604.2998046875,7604.2998046875,482206700,3636995766989.502
2020-01-03,7604.2998046875,7626.39990234375,7551.0,7622.39990234375,7622.39990234375,475628900,3616824751373.7305
2020-01-06,7622.39990234375,7622.39990234375,7528.10009765625,7575.2998046875,7575.2998046875,516783400,3939129737692.871
2020-01-07,7575.2998046875,7604.60009765625,7562.10009765625,7573.89990234375,7573.89990234375,511576100,3875342330412.793
2020-01-08,7573.89990234375,7579.5,7525.0,7574.89990234375,7574.89990234375,606225000,4591487468298.34
2020-01-09,7574.89990234375,7627.7998046875,7574.89990234375,7598.10009765625,7598.10009765625,653838100,4952758159838.623
2020-01-10,7598.10009765625,7632.0,7585.10009765625,7587.89990234375,7587.89990234375,651315600,4948761123965.039
2020-01-13,7587.89990234375,7635.7998046875,7582.5,7617.60009765625,7617.60009765625,659019400,5000573240902.637
2020-01-14,7617.60009765625,7650.7001953125,7588.7998046875,7622.39990234375,7622.39990234375,697648200,5314404996449.707
2020-01-15,7622.39990234375,7642.7998046875,7609.39990234375,7642.7998046875,7642.7998046875,730575200,5568736333134.766
2020-01-16,7642.7998046875,7653.60009765625,7595.2998046875,7609.7998046875,7609.7998046875,573564200,4383636355735.742
2020-01-17,7609.7998046875,7689.7001953125,7609.7998046875,7674.60009765625,7674.60009765625,631970100,4809165943548.34
2020-01-20,7674.60009765625,7682.7998046875,7639.60009765625,7651.39990234375,7651.39990234375,358980900,2755034850196.7285
2020-01-21,7651.39990234375,7651.39990234375,7550.5,7610.7001953125,7610.7001953125,656519300,5023291707906.787
2020-01-22,7610.7001953125,7637.39990234375,7563.5,7571.89990234375,7571.89990234375,604636000,4601703323292.969
2020-01-23,7571.89990234375,7572.10009765625,7503.2001953125,7507.7001953125,7507.7001953125,668616300,5062695696675.439
2020-01-24,7507.7001953125,7642.2001953125,7507.60009765625,7586.0,7586.0,605760000,4547864470312.5
2020-01-27,7586.0,7586.0,7392.7998046875,7412.10009765625,7412.10009765625,679457100,5154361560600.0
2020-01-28,7412.10009765625,7491.39990234375,7410.39990234375,7480.7001953125,7480.7001953125,535852000,3971788661529.297
2020-01-29,7480.7001953125,7514.7001953125,7462.2001953125,7483.60009765625,7483.60009765625,525036700,3927642144236.2305
2020-01-30,7483.60009765625,7483.60009765625,7357.60009765625,7382.0,7382.0,685501900,5130022085783.545
2020-01-31,7382.0,7398.2998046875,7275.0,7286.0,7286.0,714049600,5271114147200.0
2020-02-03,7286.0,7360.0,7285.2001953125,7326.2998046875,7326.2998046875,645846700,4705639056200.0
2020-02-04,7326.2998046875,7442.10009765625,7326.2998046875,7439.7998046875,7439.7998046875,696703600,5104259448605.078
2020-02-05,7439.7998046875,7512.39990234375,7408.5,7482.5,7482.5,818911400,6092536873776.367
2020-02-06,7482.5,7533.60009765625,7482.5,7504.7998046875,7504.7998046875,673947900,5042815161750.0
2020-02-07,7504.7998046875,7506.2998046875,7441.10009765625,7466.7001953125,7466.7001953125,705974200,5298195038274.414
2020-02-10,7466.7001953125,7466.7001953125,7427.89990234375,7446.89990234375,7446.89990234375,612817500,4575724546940.918
2020-02-11,7446.89990234375,7529.5,7446.89990234375,7499.39990234375,7499.39990234375,700689800,5217966803193.262
2020-02-12,7499.39990234375,7547.7001953125,7499.0,7534.39990234375,7534.39990234375,573044200,4297487617518.6523
2020-02-13,7534.39990234375,7534.39990234375,7406.89990234375,7452.0,7452.0,823565400,6205071069333.691
2020-02-14,7452.0,7472.89990234375,7403.7001953125,7409.10009765625,7409.10009765625,629855000,4693679460000.0
2020-02-17,7409.10009765625,7450.0,7409.10009765625,7433.2998046875,7433.2998046875,394565700,2923376766401.8066
2020-02-18,7433.2998046875,7433.2998046875,7353.39990234375,7382.0,7382.0,786827200,5848722472082.8125
2020-02-19,7382.0,7462.0,7382.0,7457.0,7457.0,602975900,4451168093800.0
2020-02-20,7457.0,7480.5,7436.60009765625,7436.60009765625,7436.60009765625,780481500,5820050545500.0
2020-02-21,7436.60009765625,7436.7001953125,7370.60009765625,7403.89990234375,7403.89990234375,872594700,6489137831234.326
2020-02-24,7403.89990234375,7403.89990234375,7114.5,7156.7998046875,7156.7998046875,1081479400,8007165224046.777
2020-02-25,7156.7998046875,7198.2001953125,7004.89990234375,7017.89990234375,7017.89990234375,976469000,6988393148483.398
2020-02-26,7017.89990234375,7044.7001953125,6871.89990234375,7042.5,7042.5,982409600,6894452235901.5625
2020-02-27,7042.5,7042.5,6730.0,6796.39990234375,6796.39990234375,1224827000,8625844147500.0
2020-02-28,6796.39990234375,6796.39990234375,6460.10009765625,6580.60009765625,6580.60009765625,1979835300,13455752439576.709
2020-03-02,6580.60009765625,6775.2001953125,6496.0,6654.89990234375,6654.89990234375,1770844200,11653217515454.004
2020-03-03,6654.89990234375,6846.2998046875,6654.89990234375,6718.2001953125,6718.2001953125,1277190200,8499572937254.395
2020-03-04,6718.2001953125,6856.2998046875,6700.2001953125,6815.60009765625,6815.60009765625,1115783100,7496054240346.387
2020-03-05,6815.60009765625,6834.10009765625,6662.60009765625,6705.39990234375,6705.39990234375,1146893100,7816764724361.279
2020-03-06,6705.39990234375,6705.39990234375,6431.39990234375,6462.60009765625,6462.60009765625,1377953500,9239729264334.229
2020-03-09,6462.60009765625,6462.60009765625,5891.60009765625,5965.7998046875,5965.7998046875,2098798700,13563696683580.81
2020-03-10,5965.7998046875,6231.10009765625,5927.89990234375,5960.2001953125,5960.2001953125,1729622400,10318580976103.125
2020-03-11,5960.2001953125,6088.5,5860.7998046875,5876.5,5876.5,1507518600,8985112654157.227
2020-03-12,5876.5,5876.5,5237.5,5237.5,5237.5,2209275500,12982807475750.0
2020-03-13,5237.5,5696.5,5237.5,5366.10009765625,5366.10009765625,1935105000,10135112437500.0
2020-03-16,5366.10009765625,5366.10009765625,4898.7998046875,5151.10009765625,5151.10009765625,2111567500,11330882567957.764
2020-03-17,5151.10009765625,5309.0,4978.7998046875,5294.89990234375,5294.89990234375,1941164900,9999134705956.885
2020-03-18,5294.89990234375,5294.89990234375,5006.2001953125,5080.60009765625,5080.60009765625,1837075100,9727128767588.135
2020-03-19,5080.60009765625,5181.0,4942.39990234375,5151.60009765625,5151.60009765625,1963412200,9975312215059.473
2020-03-20,5151.60009765625,5419.2998046875,5151.60009765625,5190.7998046875,5190.7998046875,2585565700,13319800512616.65
2020-03-23,5190.7998046875,5194.7998046875,4922.7998046875,4993.89990234375,4993.89990234375,1629604900,8458952796637.793
2020-03-24,4993.89990234375,5446.0,4993.89990234375,5446.0,5446.0,1582421000,7902452077366.699
2020-03-25,5446.0,5741.39990234375,5400.5,5688.2001953125,5688.2001953125,1860995600,10134982037600.0
2020-03-26,5688.2001953125,5815.7001953125,5503.39990234375,5815.7001953125,5815.7001953125,1536739000,8741279079944.336
2020-03-27,5815.7001953125,5815.7001953125,5407.10009765625,5510.2998046875,5510.2998046875,1457210400,8474698807891.406
2020-03-30,5510.2998046875,5567.2001953125,5351.7998046875,5563.7001953125,5563.7001953125,1136875400,6264524294574.023
2020-03-31,5563.7001953125,5702.7001953125,5545.89990234375,5672.0,5672.0,1602112800,8913675298272.656
2020-04-01,5672.0,5672.0,5414.7001953125,5454.60009765625,5454.60009765625,1670362100,9474293831200.0
2020-04-02,5454.60009765625,5552.39990234375,5395.10009765625,5480.2001953125,5480.2001953125,1554286900,8478013476525.83
2020-04-03,5480.2001953125,5486.2998046875,5396.7001953125,5415.5,5415.5,1180517400,6469471686049.805
2020-04-06,5415.5,5590.60009765625,5415.5,5582.39990234375,5582.39990234375,1207951800,6541662972900.0
2020-04-07,5582.39990234375,5780.2001953125,5582.39990234375,5704.5,5704.5,1563928500,8730474305672.607
2020-04-08,5704.5,5704.5,5589.7001953125,5677.7001953125,5677.7001953125,1133735000,6467391307500.0
2020-04-09,5677.7001953125,5842.7001953125,5677.7001953125,5842.7001953125,5842.7001953125,1290301300,7325943943021.973
2020-04-14,5842.7001953125,5894.7001953125,5779.0,5791.2998046875,5791.2998046875,1056846100,6174834914885.254
2020-04-15,5791.2998046875,5791.7001953125,5576.39990234375,5597.7001953125,5597.7001953125,1375971300,7968662320945.605
2020-04-16,5597.7001953125,5657.60009765625,5577.7998046875,5628.39990234375,5628.39990234375,1073687700,6010181847994.629
2020-04-17,5628.39990234375,5839.2998046875,5628.39990234375,5787.0,5787.0,1204085900,6777076961973.486
2020-04-20,5787.0,5823.89990234375,5707.7001953125,5812.7998046875,5812.7998046875,822613800,4760466060600.0
2020-04-21,5812.7998046875,5812.7998046875,5641.0,5641.0,5641.0,888662400,5165616625153.125
2020-04-22,5641.0,5777.10009765625,5641.0,5770.60009765625,5770.60009765625,866999300,4890743051300.0
2020-04-23,5770.60009765625,5843.60009765625,5735.89990234375,5826.60009765625,5826.60009765625,882116400,5090340983984.18
2020-04-24,5826.60009765625,5827.2001953125,5728.7998046875,5752.2001953125,5752.2001953125,808821600,4712680013546.484
2020-04-27,5752.2001953125,5855.60009765625,5752.2001953125,5846.7998046875,5846.7998046875,792246400,4557159896815.625
2020-04-28,5846.7998046875,5977.7998046875,5835.89990234375,5958.5,5958.5,1196850700,6997746439000.098
2020-04-29,5958.5,6129.60009765625,5950.7998046875,6115.2998046875,6115.2998046875,1288097400,7675128357900.0
2020-04-30,6115.2998046875,6151.60009765625,5897.89990234375,5901.2001953125,5901.2001953125,1933348900,11823008150562.793
2020-05-01,5901.2001953125,5901.2001953125,5746.10009765625,5763.10009765625,5763.10009765625,781328900,4610778257283.301
2020-05-04,5763.10009765625,5792.89990234375,5702.0,5753.7998046875,5753.7998046875,1038977200,5987729602782.617
2020-05-05,5753.7998046875,5869.5,5753.7998046875,5849.39990234375,5849.39990234375,969041200,5575669067294.141
2020-05-06,5849.39990234375,5897.39990234375,5839.60009765625,5853.7998046875,5853.7998046875,973242800,5692886339276.758
2020-05-07,5853.7998046875,5941.89990234375,5853.60009765625,5936.0,5936.0,967707400,5664765389114.648
2020-05-11,5936.0,5999.10009765625,5898.2998046875,5939.7001953125,5939.7001953125,1041393600,6181712409600.0
2020-05-12,5939.7001953125,6013.0,5911.39990234375,5994.7998046875,5994.7998046875,939767700,5581938391238.379
2020-05-13,5994.7998046875,5994.7998046875,5893.39990234375,5904.10009765625,5904.10009765625,1055705500,6328743125207.52
2020-05-14,5904.10009765625,5904.10009765625,5661.10009765625,5741.5,5741.5,1152459900,6804238608134.912
2020-05-15,5741.5,5837.89990234375,5741.5,5799.7998046875,5799.7998046875,927433300,5324858291950.0
2020-05-18,5799.7998046875,6058.2001953125,5799.60009765625,6048.60009765625,6048.60009765625,930325200,5395699913255.859
2020-05-19,6048.60009765625,6112.0,5965.10009765625,6002.2001953125,6002.2001953125,1001641500,6058528874716.553
2020-05-20,6002.2001953125,6074.5,5961.60009765625,6067.2001953125,6067.2001953125,925383600,5554337624658.984
2020-05-21,6067.2001953125,6093.7001953125,6004.10009765625,6015.2998046875,6015.2998046875,1135941900,6891986917543.652
2020-05-22,6015.2998046875,6015.2998046875,5888.60009765625,5993.2998046875,5993.2998046875,986007000,5931127714520.508
2020-05-26,5993.2998046875,6130.10009765625,5993.2998046875,6067.7998046875,6067.7998046875,1252539600,7506845340043.359
2020-05-27,6067.7998046875,6168.0,6067.7998046875,6144.2998046875,6144.2998046875,1559401400,9462135510349.414
2020-05-28,6144.2998046875,6234.0,6144.2998046875,6218.7998046875,6218.7998046875,1210102000,7435229482251.953
2020-05-29,6218.7998046875,6218.7998046875,6060.2001953125,6076.60009765625,6076.60009765625,2246313300,13969372711306.934
2020-06-01,6076.60009765625,6179.2998046875,6076.60009765625,6166.39990234375,6166.39990234375,742112200,4509519066991.895
2020-06-02,6166.39990234375,6238.2998046875,6165.10009765625,6220.10009765625,6220.10009765625,1192259900,7351951330928.369
2020-06-03,6220.10009765625,6394.7001953125,6220.10009765625,6382.39990234375,6382.39990234375,1232836600,7668367056054.199
2020-06-04,6382.39990234375,6402.60009765625,6314.60009765625,6341.39990234375,6341.39990234375,1041769100,6648987002104.736
2020-06-05,6341.39990234375,6490.0,6341.39990234375,6484.2998046875,6484.2998046875,1398374600,8867652551879.98
2020-06-08,6484.2998046875,6511.7998046875,6423.10009765625,6472.60009765625,6472.60009765625,1305560800,8465647640447.656
2020-06-09,6472.60009765625,6475.0,6325.10009765625,6335.7001953125,6335.7001953125,1322614400,8560754094601.5625
2020-06-10,6335.7001953125,6387.39990234375,6293.7998046875,6329.10009765625,6329.10009765625,1115769600,7069181672643.75
2020-06-11,6329.10009765625,6329.10009765625,6076.7001953125,6076.7001953125,6076.7001953125,1117426600,7072304803183.691
2020-06-12,6076.7001953125,6184.2998046875,5993.2001953125,6105.2001953125,6105.2001953125,1059920700,6440820324705.762
2020-06-15,6105.2001953125,6105.2001953125,5952.39990234375,6064.7001953125,6064.7001953125,907815700,5542396588947.754
2020-06-16,6064.7001953125,6299.0,6064.7001953125,6242.7998046875,6242.7998046875,1028926100,6240128319632.129
2020-06-17,6242.7998046875,6309.7001953125,6233.2001953125,6253.2998046875,6253.2998046875,863307200,5389454019545.3125
2020-06-18,6253.2998046875,6285.0,6184.89990234375,6224.10009765625,6224.10009765625,782893800,4895669646631.055
2020-06-19,6224.10009765625,6319.7998046875,6224.10009765625,6292.60009765625,6292.60009765625,1685754500,10492304748074.463
2020-06-22,6292.60009765625,6309.0,6225.5,6244.60009765625,6244.60009765625,793214300,4991380381642.334
2020-06-23,6244.60009765625,6342.2001953125,6244.60009765625,6320.10009765625,6320.10009765625,685327800,4279598046806.543
2020-06-24,6320.10009765625,6320.10009765625,6123.7001953125,6123.7001953125,6123.7001953125,768655700,4857980964634.033
2020-06-25,6123.7001953125,6162.39990234375,6029.2998046875,6147.10009765625,6147.10009765625,813511600,4981701143808.984
2020-06-26,6147.10009765625,6262.10009765625,6147.10009765625,6159.2998046875,6159.2998046875,698906500,4296248214402.588
2020-06-29,6159.2998046875,6252.0,6123.0,6225.7998046875,6225.7998046875,720430800,4437349285730.859
2020-06-30,6225.7998046875,6237.5,6147.0,6169.7001953125,6169.7001953125,827284200,5150505810781.055
2020-07-01,6169.7001953125,6202.0,6084.5,6158.0,6158.0,724502100,4469960747874.316
2020-07-02,6158.0,6258.60009765625,6158.0,6240.39990234375,6240.39990234375,806189500,4964514941000.0
2020-07-03,6240.39990234375,6262.7001953125,6137.10009765625,6157.2998046875,6157.2998046875,504568000,3148706097925.7812
2020-07-06,6157.2998046875,6304.2001953125,6157.2998046875,6285.89990234375,6285.89990234375,697122600,4292392848823.242
2020-07-07,6285.89990234375,6285.89990234375,6180.0,6189.89990234375,6189.89990234375,600362300,3773817322940.869
2020-07-08,6189.89990234375,6208.39990234375,6144.5,6156.2001953125,6156.2001953125,625796600,3873618313227.051
2020-07-09,6156.2001953125,6176.7998046875,6040.2998046875,6049.60009765625,6049.60009765625,670967000,4130607176448.242
2020-07-10,6049.60009765625,6108.2001953125,6003.2001953125,6095.39990234375,6095.39990234375,685330800,4145977274606.836
2020-07-13,6095.39990234375,6187.2998046875,6095.39990234375,6176.2001953125,6176.2001953125,614241100,3744045140955.5176
2020-07-14,6176.2001953125,6179.7998046875,6093.2001953125,6179.7998046875,6179.7998046875,717546900,4431713303925.879
2020-07-15,6179.7998046875,6323.60009765625,6179.7998046875,6292.7001953125,6292.7001953125,747302000,4618176753642.578
2020-07-16,6292.7001953125,6296.7998046875,6227.2998046875,6250.7001953125,6250.7001953125,521796200,3283507049653.3203
2020-07-17,6250.7001953125,6293.7001953125,6230.0,6290.2998046875,6290.2998046875,687096800,4294836101958.5938
2020-07-20,6290.2998046875,6297.60009765625,6222.2001953125,6261.5,6261.5,494263500,3109065597514.16
2020-07-21,6261.5,6315.7001953125,6253.89990234375,6269.7001953125,6269.7001953125,753531600,4718238113400.0
2020-07-22,6269.7001953125,6271.0,6197.5,6207.10009765625,6207.10009765625,745230100,4672369303522.754
2020-07-23,6207.10009765625,6273.60009765625,6202.89990234375,6211.39990234375,6211.39990234375,605739200,3759883847474.2188
2020-07-24,6211.39990234375,6211.39990234375,6099.10009765625,6123.7998046875,6123.7998046875,679819200,4222628912491.4062
2020-07-27,6123.7998046875,6127.60009765625,6086.60009765625,6104.89990234375,6104.89990234375,704383900,4313505989245.0195
2020-07-28,6104.89990234375,6149.89990234375,6083.7001953125,6129.2998046875,6129.2998046875,612575200,3739710278658.203
2020-07-29,6129.2998046875,6155.10009765625,6116.7001953125,6131.5,6131.5,718093000,4401407284647.461
2020-07-30,6131.5,6145.7998046875,5924.7001953125,5990.0,5990.0,1229813400,7540600862100.0
2020-07-31,5990.0,6046.2998046875,5897.7998046875,5897.7998046875,5897.7998046875,1007598800,6035516812000.0
2020-08-03,5897.7998046875,6038.7998046875,5857.10009765625,6032.89990234375,6032.89990234375,948540800,5594303744978.125
2020-08-04,6032.89990234375,6056.5,5986.7998046875,6036.0,6036.0,766666900,4625224666140.186
2020-08-05,6036.0,6111.5,6036.0,6104.7001953125,6104.7001953125,715558400,4319110502400.0
2020-08-06,6104.7001953125,6104.7001953125,5980.39990234375,6026.89990234375,6026.89990234375,629266500,3841483325453.6133
2020-08-07,6026.89990234375,6046.0,5996.7001953125,6032.2001953125,6032.2001953125,540972400,3260386504730.664
2020-08-10,6032.2001953125,6099.5,6028.5,6050.60009765625,6050.60009765625,558064500,3366356785896.9727
2020-08-11,6050.60009765625,6206.0,6050.60009765625,6154.2998046875,6154.2998046875,758790700,4591139083520.654
2020-08-12,6154.2998046875,6297.2001953125,6151.60009765625,6280.10009765625,6280.10009765625,680848000,4190142713421.875
2020-08-13,6280.10009765625,6280.10009765625,6185.60009765625,6185.60009765625,6185.60009765625,515765800,3239060850947.754
2020-08-14,6185.60009765625,6185.60009765625,6036.10009765625,6090.0,6090.0,513442300,3175948741020.8496
2020-08-17,6090.0,6140.2001953125,6061.5,6127.39990234375,6127.39990234375,500314600,3046915914000.0
2020-08-18,6127.39990234375,6162.7001953125,6062.60009765625,6076.60009765625,6076.60009765625,502242600,3077441258192.871
2020-08-19,6076.60009765625,6114.7998046875,6045.0,6112.0,6112.0,425040900,2582803574447.9004
2020-08-20,6112.0,6112.0,6009.60009765625,6013.2998046875,6013.2998046875,505170900,3087604540800.0
2020-08-21,6013.2998046875,6036.5,5948.7998046875,6001.89990234375,6001.89990234375,545211700,3278521409123.34
2020-08-24,6001.89990234375,6119.7998046875,6001.89990234375,6104.7001953125,6104.7001953125,452722200,2717193327968.8477
2020-08-25,6104.7001953125,6173.5,6032.10009765625,6037.0,6037.0,538992400,3290387009551.953
2020-08-26,6037.0,6050.7998046875,5992.2001953125,6045.60009765625,6045.60009765625,405657200,2448952516400.0
2020-08-27,6045.60009765625,6062.5,6000.0,6000.0,6000.0,496427000,3001199119679.199
2020-08-28,6000.0,6033.0,5962.5,5963.60009765625,5963.60009765625,928308900,5569853400000.0
2020-09-01,5963.60009765625,5972.5,5824.0,5862.10009765625,5862.10009765625,1041226100,6209456071642.236
2020-09-02,5862.10009765625,5974.7001953125,5862.10009765625,5941.0,5941.0,670603500,3931144842838.623
2020-09-03,5941.0,5996.2001953125,5838.0,5850.89990234375,5850.89990234375,698951400,4152470267400.0
2020-09-04,5850.89990234375,5904.2001953125,5778.39990234375,5799.10009765625,5799.10009765625,672211400,3933041614614.3555
2020-09-07,5799.10009765625,5946.89990234375,5798.5,5937.39990234375,5937.39990234375,542562600,3146374826644.629
2020-09-08,5937.39990234375,5985.2998046875,5868.89990234375,5930.2998046875,5930.2998046875,741088100,4400136412568.115
2020-09-09,5930.2998046875,6031.2998046875,5923.39990234375,6012.7998046875,6012.7998046875,670411100,3975738815390.332
2020-09-10,6012.7998046875,6028.7998046875,5950.60009765625,6003.2998046875,6003.2998046875,602947200,3625400806396.875
2020-09-11,6003.2998046875,6057.7001953125,5992.89990234375,6032.10009765625,6032.10009765625,532206600,3194995777833.3984
2020-09-14,6032.10009765625,6080.0,6011.7998046875,6026.2998046875,6026.2998046875,599027600,3613394444458.789
2020-09-15,6026.2998046875,6123.7001953125,6026.2001953125,6105.5,6105.5,696475100,4197167759099.707
2020-09-16,6105.5,6119.2001953125,6057.60009765625,6078.5,6078.5,712218600,4348450662300.0
2020-09-17,6078.5,6078.5,5998.7001953125,6049.89990234375,6049.89990234375,614989900,3738216107150.0
2020-09-18,6049.89990234375,6055.2001953125,6006.2998046875,6007.10009765625,6007.10009765625,1606438900,9718794544231.201
2020-09-21,6007.10009765625,6007.10009765625,5779.2001953125,5804.2998046875,5804.2998046875,989724600,5945374741312.793
2020-09-22,5804.2998046875,5871.2998046875,5794.5,5829.5,5829.5,793986600,4608536267304.492
2020-09-23,5829.5,5974.89990234375,5829.5,5899.2998046875,5899.2998046875,745841800,4347884773100.0
2020-09-24,5899.2998046875,5899.2998046875,5805.2998046875,5822.7998046875,5822.7998046875,707125700,4171546503899.5117
2020-09-25,5822.7998046875,5843.7001953125,5771.5,5842.7001953125,5842.7001953125,742745800,4324860099172.461
2020-09-28,5842.7001953125,5954.39990234375,5842.7001953125,5927.89990234375,5927.89990234375,915339300,5348053106887.207
2020-09-29,5927.89990234375,5927.89990234375,5862.89990234375,5897.5,5897.5,677894800,4018492518719.336
2020-09-30,5897.5,5931.39990234375,5854.5,5866.10009765625,5866.10009765625,831982500,4906616793750.0
2020-10-01,5866.10009765625,5925.7998046875,5849.7998046875,5879.5,5879.5,729252500,4277868161466.0645
2020-10-02,5879.5,5902.10009765625,5809.60009765625,5902.10009765625,5902.10009765625,708115400,4163364494300.0
2020-10-05,5902.10009765625,5974.2001953125,5902.10009765625,5942.89990234375,5942.89990234375,637260500,3761175259282.4707
2020-10-06,5942.89990234375,5971.5,5903.39990234375,5949.89990234375,5949.89990234375,911383000,5416257941697.754
2020-10-07,5949.89990234375,5977.2001953125,5929.2001953125,5946.2998046875,5946.2998046875,762006800,4533864184905.273
2020-10-08,5946.2998046875,6004.2001953125,5929.39990234375,5978.0,5978.0,741665900,4410167796313.379
2020-10-09,5978.0,6040.5,5978.0,6016.7001953125,6016.7001953125,676779000,4045784862000.0
2020-10-12,6016.7001953125,6037.10009765625,5995.10009765625,6001.39990234375,6001.39990234375,600961600,3615805776095.3125
2020-10-13,6001.39990234375,6008.0,5950.0,5969.7001953125,5969.7001953125,786877800,4722368352076.465
2020-10-14,5969.7001953125,6009.7998046875,5926.5,5935.10009765625,5935.10009765625,613220800,3660744329529.6875
2020-10-15,5935.10009765625,5935.10009765625,5786.2001953125,5832.5,5832.5,667215200,3959988998677.7344
2020-10-16,5832.5,5933.7998046875,5832.5,5919.60009765625,5919.60009765625,669807200,3906650494000.0
2020-10-19,5919.60009765625,5959.7001953125,5872.0,5884.7001953125,5884.7001953125,522720700,3094297506766.9434
2020-10-20,5884.7001953125,5915.5,5861.7998046875,5889.2001953125,5889.2001953125,576524900,3392676191632.5195
2020-10-21,5889.2001953125,5903.39990234375,5769.60009765625,5776.5,5776.5,632347400,3724020431585.3516
2020-10-22,5776.5,5796.39990234375,5716.39990234375,5785.7001953125,5785.7001953125,664916300,3840889006950.0
2020-10-23,5785.7001953125,5885.39990234375,5781.7998046875,5860.2998046875,5860.2998046875,852798000,4934033555162.109
2020-10-26,5860.2998046875,5868.39990234375,5782.39990234375,5792.0,5792.0,870052100,5098766151697.949
2020-10-27,5792.0,5806.2001953125,5728.2001953125,5729.0,5729.0,756732600,4382995219200.0
2020-10-28,5729.0,5729.0,5525.5,5582.7998046875,5582.7998046875,1107558600,6345203219400.0
2020-10-29,5582.7998046875,5616.60009765625,5534.7001953125,5581.7998046875,5581.7998046875,964959700,5387176824691.309
2020-10-30,5581.7998046875,5593.39990234375,5534.10009765625,5577.2998046875,5577.2998046875,823613300,4597244557078.027
2020-11-02,5577.2998046875,5665.2998046875,5554.7001953125,5655.0,5655.0,755064600,4211221646106.4453
2020-11-03,5655.0,5787.60009765625,5655.0,5786.7998046875,5786.7998046875,803790300,4545434146500.0
2020-11-04,5786.7998046875,5885.7001953125,5711.2001953125,5883.2998046875,5883.2998046875,781517600,4522485895039.844
2020-11-05,5883.2998046875,5933.10009765625,5881.89990234375,5906.2001953125,5906.2001953125,900001200,5294976884178.516
2020-11-06,5906.2001953125,5950.2001953125,5858.5,5910.0,5910.0,848478100,5011281519938.379
2020-11-09,5910.0,6258.2998046875,5910.0,6186.2998046875,6186.2998046875,2067706200,12220143642000.0
2020-11-10,6186.2998046875,6307.0,6180.5,6296.89990234375,6296.89990234375,1717346100,10624017843010.84
2020-11-11,6296.89990234375,6397.2998046875,6293.2001953125,6382.10009765625,6382.10009765625,1283397300,8081424333038.232
2020-11-12,6382.10009765625,6382.10009765625,6295.7998046875,6338.89990234375,6338.89990234375,1014492200,6474590768691.504
2020-11-13,6338.89990234375,6339.0,6280.39990234375,6316.39990234375,6316.39990234375,1010712500,6406805367547.607
2020-11-16,6316.39990234375,6463.5,6316.39990234375,6421.2998046875,6421.2998046875,1293581100,8170775533713.721
2020-11-17,6421.2998046875,6424.5,6309.0,6365.2998046875,6365.2998046875,1225248200,7867686027353.711
2020-11-18,6365.2998046875,6395.89990234375,6326.7001953125,6385.2001953125,6385.2001953125,979740000,6236338830644.531
2020-11-19,6385.2001953125,6385.2001953125,6314.2998046875,6334.39990234375,6334.39990234375,929024200,5932005503290.039
2020-11-20,6334.39990234375,6386.7001953125,6324.60009765625,6351.5,6351.5,821112500,5201254939813.232
2020-11-23,6351.5,6392.10009765625,6325.2001953125,6333.7998046875,6333.7998046875,943708400,5993963902600.0
2020-11-24,6333.7998046875,6432.39990234375,6333.7001953125,6432.2001953125,6432.2001953125,1301560700,8243824907448.926
2020-11-25,6432.2001953125,6468.7001953125,6375.2998046875,6391.10009765625,6391.10009765625,1129314000,7263973731369.141
2020-11-26,6391.10009765625,6412.7001953125,6349.5,6362.89990234375,6362.89990234375,736272500,4705591246651.611
2020-11-27,6362.89990234375,6375.89990234375,6302.2001953125,6367.60009765625,6367.60009765625,1448127900,9214292873491.26
2020-11-30,6367.60009765625,6404.0,6266.2001953125,6266.2001953125,6266.2001953125,1355075300,8628577612611.572
2020-12-01,6266.2001953125,6400.2001953125,6263.60009765625,6384.7001953125,6384.7001953125,839858300,5262720243494.824
2020-12-02,6384.7001953125,6468.60009765625,6367.5,6463.39990234375,6463.39990234375,936842800,5981460408137.109
2020-12-03,6463.39990234375,6491.5,6430.2998046875,6490.2998046875,6490.2998046875,943214500,6096372507189.209
2020-12-04,6490.2998046875,6559.2001953125,6489.7998046875,6550.2001953125,6550.2001953125,1073110600,6964809517588.086
2020-12-07,6550.2001953125,6601.10009765625,6519.7998046875,6555.39990234375,6555.39990234375,1058250500,6931752631789.551
2020-12-08,6555.39990234375,6567.60009765625,6518.39990234375,6558.7998046875,6558.7998046875,758186800,4970217674678.32
2020-12-09,6558.7998046875,6623.0,6558.7998046875,6564.2998046875,6564.2998046875,769345300,5045981803377.246
2020-12-10,6564.2998046875,6640.7001953125,6561.10009765625,6599.7998046875,6599.7998046875,1109877200,7285566687187.109
2020-12-11,6599.7998046875,6607.39990234375,6520.5,6546.7998046875,6546.7998046875,1069085700,7055751594054.199
2020-12-14,6546.7998046875,6583.7001953125,6524.7001953125,6531.7998046875,6531.7998046875,870265400,5697453350746.289
2020-12-15,6531.7998046875,6558.2001953125,6484.0,6513.2998046875,6513.2998046875,737394700,4816514557437.598
2020-12-16,6513.2998046875,6598.39990234375,6513.2998046875,6570.89990234375,6570.89990234375,860333700,5603611320176.074
2020-12-17,6570.89990234375,6601.60009765625,6551.10009765625,6551.10009765625,6551.10009765625,725533900,4767410632657.08
2020-12-18,6551.10009765625,6604.5,6518.2998046875,6529.2001953125,6529.2001953125,1200513100,7864681486647.607
2020-12-21,6529.2001953125,6529.2001953125,6315.2998046875,6416.2998046875,6416.2998046875,1118314800,7301701210580.859
2020-12-23,6453.2001953125,6497.2998046875,6431.2001953125,6495.7998046875,6495.7998046875,807695400,5212220113033.008
2020-12-24,6495.7998046875,6530.2998046875,6479.60009765625,6502.10009765625,6502.10009765625,477470700,3101554079804.004
2020-12-29,6502.10009765625,6676.60009765625,6502.10009765625,6602.7001953125,6602.7001953125,824116800,5358489925760.156
2020-12-30,6602.7001953125,6623.0,6552.5,6555.7998046875,6555.7998046875,425493000,2809402714204.1016
2020-12-31,6555.7998046875,6555.7998046875,6439.39990234375,6460.5,6460.5,316943900,2077820757716.8945
2021-01-04,6460.5,6662.7001953125,6460.5,6571.89990234375,6571.89990234375,965097800,6235014336900.0
2021-01-05,6571.89990234375,6622.7998046875,6544.2998046875,6612.2998046875,6612.2998046875,718950800,4724872692309.961
2021-01-06,6612.2998046875,6859.10009765625,6611.89990234375,6841.89990234375,6841.89990234375,1249709500,8263453882766.113
2021-01-07,6841.89990234375,6903.60009765625,6795.10009765625,6857.0,6857.0,939652600,6429009032177.051
2021-01-08,6857.0,6886.2998046875,6836.10009765625,6873.2998046875,6873.2998046875,850778500,5833788174500.0
2021-01-11,6873.2998046875,6873.2998046875,6768.7001953125,6798.5,6798.5,707799500,4864918165107.91
2021-01-12,6798.5,6816.7001953125,6738.2001953125,6754.10009765625,6754.10009765625,648158800,4406507601800.0
2021-01-13,6754.10009765625,6772.60009765625,6736.0,6745.5,6745.5,619448200,4183815148112.9883
2021-01-14,6745.5,6802.0,6736.7998046875,6802.0,6802.0,685978100,4627265273550.0
2021-01-15,6802.0,6802.10009765625,6676.60009765625,6735.7001953125,6735.7001953125,740665600,5038007411200.0
2021-01-18,6735.7001953125,6741.5,6709.2998046875,6720.7001953125,6720.7001953125,359826900,2423686120608.6914
2021-01-19,6720.7001953125,6770.7001953125,6697.7001953125,6713.0,6713.0,618144700,4154365206021.3867
2021-01-20,6713.0,6751.7998046875,6697.5,6740.39990234375,6740.39990234375,687499600,4615184814800.0
2021-01-21,6740.39990234375,6776.89990234375,6715.39990234375,6715.39990234375,6715.39990234375,621554400,4189525217061.328
2021-01-22,6715.39990234375,6715.7001953125,6651.7001953125,6695.10009765625,6695.10009765625,693954900,4660184667690.967
2021-01-25,6695.10009765625,6714.60009765625,6610.2998046875,6638.89990234375,6638.89990234375,761260500,5096715247891.846
2021-01-26,6638.89990234375,6702.39990234375,6636.2998046875,6654.0,6654.0,683485900,4537594474763.33
2021-01-27,6654.0,6661.2998046875,6505.7998046875,6567.39990234375,6567.39990234375,982451100,6537229619400.0
2021-01-28,6567.39990234375,6567.39990234375,6439.60009765625,6526.2001953125,6526.2001953125,869048100,5707386407072.021
2021-01-29,6526.2001953125,6526.2001953125,6397.2001953125,6407.5,6407.5,870670500,5682169987152.832
2021-02-01,6407.5,6495.60009765625,6407.5,6466.39990234375,6466.39990234375,746038100,4780239125750.0
2021-02-02,6466.39990234375,6523.5,6466.39990234375,6516.7001953125,6516.7001953125,719054200,4649692008659.863
2021-02-03,6516.7001953125,6573.10009765625,6489.5,6507.7998046875,6507.7998046875,717525200,4675896610981.641
2021-02-04,6507.7998046875,6553.39990234375,6478.2001953125,6503.7001953125,6503.7001953125,989919900,6442200531876.27
2021-02-05,6503.7001953125,6518.7001953125,6457.60009765625,6489.2998046875,6489.2998046875,984403300,6402263934476.27
2021-02-08,6489.2998046875,6567.7001953125,6489.2998046875,6523.5,6523.5,818871300,5313901367154.199
2021-02-09,6523.5,6541.0,6501.0,6531.60009765625,6531.60009765625,544655300,3553058849550.0
2021-02-10,6531.60009765625,6577.0,6481.0,6524.39990234375,6524.39990234375,782043000,5107992135171.387
2021-02-11,6524.39990234375,6554.2001953125,6514.89990234375,6528.7001953125,6528.7001953125,673184700,4392126190939.3066
2021-02-12,6528.7001953125,6589.7998046875,6485.10009765625,6589.7998046875,6589.7998046875,495851300,3237264479155.957
2021-02-15,6589.7998046875,6775.39990234375,6589.7998046875,6756.10009765625,6756.10009765625,825488200,5439801979131.836
2021-02-16,6756.10009765625,6799.89990234375,6736.89990234375,6748.89990234375,6748.89990234375,817289800,5521691697593.457
2021-02-17,6748.89990234375,6760.2998046875,6701.60009765625,6710.89990234375,6710.89990234375,755390100,5098052172121.436
2021-02-18,6710.89990234375,6721.7998046875,6591.39990234375,6617.2001953125,6617.2001953125,847018200,5684254355663.379
2021-02-19,6617.2001953125,6646.2001953125,6600.60009765625,6624.0,6624.0,976444700,6461330059551.855
2021-02-22,6624.0,6624.7001953125,6545.89990234375,6612.2001953125,6612.2001953125,846468100,5607004694400.0
2021-02-23,6612.2001953125,6675.39990234375,6555.89990234375,6625.89990234375,6625.89990234375,1154639900,7634710172295.605
2021-02-24,6625.89990234375,6669.89990234375,6572.2998046875,6659.0,6659.0,1141083000,7560701738266.113
2021-02-25,6659.0,6702.89990234375,6644.7001953125,6652.0,6652.0,852469800,5676596398200.0
2021-02-26,6652.0,6652.0,6465.60009765625,6483.39990234375,6483.39990234375,1279039900,8508173414800.0
2021-03-01,6483.39990234375,6612.7001953125,6483.39990234375,6588.5,6588.5,708419900,4592969510478.369
2021-03-02,6588.5,6660.7998046875,6560.89990234375,6613.7998046875,6613.7998046875,682614300,4497404315550.0
2021-03-03,6613.7998046875,6705.2998046875,6613.7998046875,6675.5,6675.5,937329300,6199308341267.871
2021-03-04,6675.5,6675.5,6581.2001953125,6650.89990234375,6650.89990234375,938807000,6267006128500.0
2021-03-05,6650.89990234375,6710.7998046875,6560.7998046875,6630.5,6630.5,1027477500,6833650004410.4
2021-03-08,6630.5,6726.39990234375,6612.7001953125,6719.10009765625,6719.10009765625,972755300,6449854016650.0
2021-03-09,6719.10009765625,6786.7998046875,6689.89990234375,6730.2998046875,6730.2998046875,952946800,6402944936941.211
2021-03-10,6730.2998046875,6740.7998046875,6677.0,6725.60009765625,6725.60009765625,725796800,4884830061282.8125
2021-03-11,6725.60009765625,6755.2998046875,6699.2998046875,6737.0,6737.0,714706900,4806832796435.596
2021-03-12,6737.0,6766.39990234375,6709.0,6761.5,6761.5,706134500,4757228126500.0
2021-03-15,6761.5,6804.89990234375,6723.7001953125,6749.7001953125,6749.7001953125,670767900,4535397155850.0
2021-03-16,6749.7001953125,6812.7998046875,6749.60009765625,6803.60009765625,6803.60009765625,8494800,57337353219.140625
2021-03-17,6803.60009765625,6805.7001953125,6753.7998046875,6762.7001953125,6762.7001953125,8378200,57001922338.18359
2021-03-18,6762.7001953125,6791.7998046875,6740.5,6779.7001953125,6779.7001953125,825204500,5580610633322.754
2021-03-19,6779.7001953125,6779.7001953125,6664.60009765625,6708.7001953125,6708.7001953125,1819149000,12333284830602.54
2021-03-22,6708.7001953125,6732.7001953125,6651.0,6726.10009765625,6726.10009765625,811558900,5444505350937.598
2021-03-23,6726.10009765625,6726.10009765625,6664.7998046875,6699.2001953125,6699.2001953125,861618700,5795333622212.451
2021-03-24,6699.2001953125,6722.60009765625,6649.39990234375,6712.89990234375,6712.89990234375,942724200,6315498144765.82
2021-03-25,6712.89990234375,6729.89990234375,6618.60009765625,6674.7998046875,6674.7998046875,768539700,5159130077077.295
2021-03-26,6674.7998046875,6742.10009765625,6674.7998046875,6740.60009765625,6740.60009765625,748208300,4994140614705.566
2021-03-29,6740.60009765625,6758.7998046875,6705.39990234375,6736.2001953125,6736.2001953125,624496600,4209481842945.996
2021-03-30,6736.2001953125,6792.2001953125,6729.5,6772.10009765625,6772.10009765625,664395600,4475501770484.766
2021-03-31,6772.10009765625,6775.7001953125,6713.60009765625,6713.60009765625,6713.60009765625,854819600,5788923896638.477
2021-04-01,6713.60009765625,6766.5,6713.60009765625,6737.2998046875,6737.2998046875,592371100,3976942674808.74
2021-04-06,6737.2998046875,6843.7001953125,6737.2998046875,6823.60009765625,6823.60009765625,773873100,5213815085482.91
2021-04-07,6823.60009765625,6898.39990234375,6823.60009765625,6885.2998046875,6885.2998046875,708769700,4836360994135.791
2021-04-08,6885.2998046875,6942.2001953125,6884.7998046875,6942.2001953125,6942.2001953125,792318200,5455348347710.352
2021-04-09,6942.2001953125,6949.60009765625,6906.39990234375,6915.7998046875,6915.7998046875,615052100,4269814808747.3633
2021-04-12,6915.7998046875,6916.10009765625,6853.7998046875,6889.10009765625,6889.10009765625,639363600,4421710660004.297
2021-04-13,6889.10009765625,6895.10009765625,6859.7001953125,6890.5,6890.5,572405700,3943360163768.994
2021-04-14,6890.5,6942.2998046875,6880.7001953125,6939.60009765625,6939.60009765625,596867000,4112712063500.0
2021-04-15,6939.60009765625,6994.89990234375,6939.2998046875,6983.5,6983.5,651402900,4520475628453.564
2021-04-16,6983.5,7037.7001953125,6983.5,7019.5,7019.5,742505700,5185288555950.0
2021-04-19,7019.5,7040.2998046875,6979.2001953125,7000.10009765625,7000.10009765625,529712700,3718318297650.0
2021-04-20,7000.10009765625,7001.2998046875,6857.10009765625,6859.89990234375,6859.89990234375,825253600,5776857805951.172
2021-04-21,6859.89990234375,6914.89990234375,6859.60009765625,6895.2998046875,6895.2998046875,662064600,4541696884885.254
2021-04-22,6895.2998046875,6941.10009765625,6889.2998046875,6938.2001953125,6938.2001953125,647196400,4462613210514.453
2021-04-23,6938.2001953125,6938.60009765625,6891.7998046875,6938.60009765625,6938.60009765625,582223700,4039584589055.5664
2021-04-26,6938.60009765625,6971.5,6913.39990234375,6963.10009765625,6963.10009765625,511633400,3550019559204.199
2021-04-27,6963.10009765625,6975.10009765625,6929.7998046875,6945.0,6945.0,658634400,4586137254959.766
2021-04-28,6945.0,6986.7001953125,6944.10009765625,6963.7001953125,6963.7001953125,990231900,6877160545500.0
2021-04-29,6963.7001953125,7019.7998046875,6953.89990234375,6961.5,6961.5,657930300,4581629358612.012
2021-04-30,6961.5,7009.5,6946.0,6969.7998046875,6969.7998046875,831625600,5789361614400.0
2021-05-04,6969.7998046875,7034.2998046875,6912.2998046875,6923.2001953125,6923.2001953125,911981600,6356329177558.594
2021-05-05,6923.2001953125,7047.7998046875,6923.2001953125,7039.2998046875,7039.2998046875,734979800,5088412294910.742
2021-05-06,7039.2998046875,7076.2001953125,7026.7998046875,7076.2001953125,7076.2001953125,764405400,5380878782922.07
2021-05-07,7076.2001953125,7143.5,7076.2001953125,7129.7001953125,7129.7001953125,624763100,4420948770244.043
2021-05-10,7129.7001953125,7164.2001953125,7104.39990234375,7123.7001953125,7123.7001953125,744129400,5305419528517.773
2021-05-11,7123.7001953125,7123.7001953125,6912.39990234375,6948.0,6948.0,933225500,6648018676620.605
2021-05-12,6948.0,7028.10009765625,6945.2998046875,7004.60009765625,7004.60009765625,743459700,5165557995600.0
2021-05-13,7004.60009765625,7004.60009765625,6823.60009765625,6963.2998046875,6963.2998046875,660813600,4628735007092.578
2021-05-14,6963.2998046875,7048.7001953125,6963.2998046875,7043.60009765625,7043.60009765625,845954300,5890633411964.551
2021-05-17,7043.60009765625,7066.7998046875,6989.10009765625,7032.89990234375,7032.89990234375,582188300,4100701566734.326
2021-05-18,7032.89990234375,7102.60009765625,7030.39990234375,7034.2001953125,7034.2001953125,736327300,5178516196263.037
2021-05-19,7034.2001953125,7034.2001953125,6897.10009765625,6950.2001953125,6950.2001953125,729532000,5131674136886.719
2021-05-20,6950.2001953125,7019.7998046875,6926.89990234375,7019.7998046875,7019.7998046875,626003200,4350847562906.25
2021-05-21,7019.7998046875,7028.2001953125,6973.2998046875,7018.10009765625,7018.10009765625,803607300,5641162367585.449
2021-05-24,7018.10009765625,7054.60009765625,7013.5,7051.60009765625,7051.60009765625,422927700,2968148932671.533
2021-05-25,7051.60009765625,7067.60009765625,7029.7998046875,7029.7998046875,7029.7998046875,619367600,4367532628645.117
2021-05-26,7029.7998046875,7050.89990234375,6998.2001953125,7026.89990234375,7026.89990234375,619965100,4358230538893.0664
2021-05-27,7026.89990234375,7044.0,7008.5,7019.7001953125,7019.7001953125,1422973500,9999092348187.744
2021-05-28,7019.7001953125,7054.89990234375,7019.60009765625,7022.60009765625,7022.60009765625,786614400,5521797257315.625
2021-06-01,7022.60009765625,7118.0,7022.60009765625,7080.5,7080.5,726701500,5103334024866.943
2021-06-02,7080.5,7122.5,7074.10009765625,7108.0,7108.0,570341500,4038302990750.0
2021-06-03,7108.0,7108.0,7013.89990234375,7064.39990234375,7064.39990234375,617182900,4386936053200.0
2021-06-04,7064.39990234375,7071.7998046875,7039.7001953125,7069.0,7069.0,425216000,3003895868875.0
2021-06-07,7069.0,7098.2998046875,7042.2001953125,7077.2001953125,7077.2001953125,963131300,6808375159700.0
2021-06-08,7077.2001953125,7120.7001953125,7074.89990234375,7095.10009765625,7095.10009765625,550005100,3892496201142.871
2021-06-09,7095.10009765625,7095.7001953125,7046.0,7081.0,7081.0,575133700,4080631171035.4004
2021-06-10,7081.0,7117.7001953125,7080.0,7088.2001953125,7088.2001953125,574917100,4070987985100.0
2021-06-11,7088.2001953125,7140.7001953125,7088.2001953125,7134.10009765625,7134.10009765625,509040600,3608181680341.992
2021-06-14,7134.10009765625,7188.2998046875,7131.7998046875,7146.7001953125,7146.7001953125,551244200,3932631301052.4414
2021-06-15,7146.7001953125,7189.60009765625,7142.7001953125,7172.5,7172.5,779379400,5569990910202.539
2021-06-16,7172.5,7217.5,7169.2001953125,7185.0,7185.0,723106300,5186479936750.0
2021-06-17,7185.0,7185.0,7133.0,7153.39990234375,7153.39990234375,724679900,5206825081500.0
2021-06-18,7153.39990234375,7154.60009765625,7008.7001953125,7017.5,7017.5,1553511000,11112885435689.941
2021-06-21,7017.5,7065.10009765625,6948.60009765625,7062.2998046875,7062.2998046875,820495800,5757829276500.0
2021-06-22,7062.2998046875,7098.7001953125,7061.10009765625,7090.0,7090.0,522524500,3690224674294.4336
2021-06-23,7090.0,7129.39990234375,7074.10009765625,7074.10009765625,7074.10009765625,567367400,4022634866000.0
2021-06-24,7074.10009765625,7119.39990234375,7070.89990234375,7110.0,7110.0,726332500,5138148809180.908
2021-06-25,7110.0,7139.10009765625,7109.7998046875,7136.10009765625,7136.10009765625,609038400,4330263024000.0
2021-06-28,7136.10009765625,7136.2001953125,7072.0,7073.0,7073.0,682531900,4870615958243.506
2021-06-29,7073.0,7120.7998046875,7071.89990234375,7087.60009765625,7087.60009765625,531015400,3755871924200.0
2021-06-30,7087.60009765625,7100.7001953125,7010.60009765625,7037.5,7037.5,659209600,4672214025335.9375
2021-07-01,7037.5,7134.2001953125,7037.5,7125.2001953125,7125.2001953125,631273700,4442588663750.0
2021-07-02,7125.2001953125,7162.2001953125,7110.2998046875,7123.2998046875,7123.2998046875,520006400,3705149702843.75
2021-07-05,7123.2998046875,7168.0,7111.5,7164.89990234375,7164.89990234375,384449600,2738549760592.1875
2021-07-06,7164.89990234375,7170.60009765625,7075.7001953125,7100.89990234375,7100.89990234375,635763200,4555179689593.75
2021-07-07,7100.89990234375,7153.7001953125,7100.89990234375,7151.0,7151.0,600040700,4260828948032.2754
2021-07-08,7151.0,7151.0,6981.60009765625,7030.7001953125,7030.7001953125,741526200,5302653856200.0
2021-07-09,7030.7001953125,7121.89990234375,7030.2001953125,7121.89990234375,7121.89990234375,577541200,4060519027641.0156
2021-07-12,7121.89990234375,7134.89990234375,7066.2001953125,7125.39990234375,7125.39990234375,484702100,3451999838655.8105
2021-07-13,7125.39990234375,7152.39990234375,7116.2998046875,7124.7001953125,7124.7001953125,613836900,4373833387314.99
2021-07-14,7124.7001953125,7124.7001953125,7073.60009765625,7091.2001953125,7091.2001953125,565377200,4028143047265.2344
2021-07-15,7091.2001953125,7111.7998046875,7005.0,7012.0,7012.0,612974400,4346724185001.5625
2021-07-16,7012.0,7056.7001953125,6978.10009765625,7008.10009765625,7008.10009765625,617556700,4330307580400.0
2021-07-19,7008.10009765625,7008.10009765625,6813.0,6844.39990234375,6844.39990234375,817237100,5727279400318.311
2021-07-20,6844.39990234375,6929.89990234375,6827.2998046875,6881.10009765625,6881.10009765625,941993900,6447382957168.408
2021-07-21,6881.10009765625,7007.7998046875,6881.10009765625,6998.2998046875,6998.2998046875,784895600,5400945189809.961
2021-07-22,6998.2998046875,7019.0,6956.2001953125,6968.2998046875,6968.2998046875,497512000,3481738132429.6875
2021-07-23,6968.2998046875,7033.2998046875,6968.2998046875,7027.60009765625,7027.60009765625,461681400,3217134409447.8516
2021-07-26,7027.60009765625,7038.7001953125,6980.7001953125,7025.39990234375,7025.39990234375,524700700,3687386690560.3027
2021-07-27,7025.39990234375,7028.39990234375,6929.60009765625,6996.10009765625,6996.10009765625,516983900,3632018640573.291
2021-07-28,6996.10009765625,7023.39990234375,6974.7998046875,7016.60009765625,7016.60009765625,595315800,4164888926516.3086
2021-07-29,7016.60009765625,7093.89990234375,7008.7001953125,7078.39990234375,7078.39990234375,789496800,5539583323979.297
2021-07-30,7078.39990234375,7078.39990234375,6996.89990234375,7032.2998046875,7032.2998046875,674951500,4777576631686.768
2021-08-02,7032.2998046875,7111.7001953125,7032.2998046875,7081.7001953125,7081.7001953125,526271100,3700896153742.676
2021-08-03,7081.7001953125,7119.2001953125,7074.2998046875,7105.7001953125,7105.7001953125,613947100,4347789297981.543
2021-08-04,7105.7001953125,7142.5,7105.7001953125,7123.89990234375,7123.89990234375,618704700,4396330107630.7617
2021-08-05,7123.89990234375,7130.39990234375,7099.0,7120.39990234375,7120.39990234375,814802900,5804574299739.404
2021-08-06,7120.39990234375,7135.39990234375,7103.7001953125,7123.0,7123.0,677358200,4823061261131.738
2021-08-09,7123.0,7138.7998046875,7089.7001953125,7132.2998046875,7132.2998046875,525136800,3740549426400.0
2021-08-10,7132.2998046875,7166.7001953125,7115.89990234375,7161.0,7161.0,559144000,3987982641992.1875
2021-08-11,7161.0,7220.10009765625,7157.7001953125,7220.10009765625,7220.10009765625,536436100,3841418912100.0
2021-08-12,7220.10009765625,7220.7001953125,7182.89990234375,7193.2001953125,7193.2001953125,574940100,4151125072156.494
2021-08-13,7193.2001953125,7224.5,7193.10009765625,7218.7001953125,7218.7001953125,501180000,3605088073886.7188
2021-08-16,7218.7001953125,7218.7001953125,7117.7998046875,7154.0,7154.0,522255500,3770005879853.0273
2021-08-17,7154.0,7188.60009765625,7118.7001953125,7181.10009765625,7181.10009765625,573595700,4103503637800.0
2021-08-18,7181.10009765625,7198.7998046875,7143.60009765625,7169.2998046875,7169.2998046875,792002500,5687449230093.994
2021-08-19,7169.2998046875,7169.2998046875,6993.10009765625,7058.89990234375,7058.89990234375,602767800,4321423070811.914
2021-08-20,7058.89990234375,7095.60009765625,7032.5,7087.89990234375,7087.89990234375,549551400,3879228323792.871
2021-08-23,7087.89990234375,7147.7998046875,7087.89990234375,7109.0,7109.0,493195600,3495721045076.367
2021-08-24,7109.0,7129.7001953125,7076.10009765625,7125.7998046875,7125.7998046875,582751900,4142783257100.0
2021-08-25,7125.7998046875,7151.7998046875,7121.2998046875,7150.10009765625,7150.10009765625,510382500,3636883518815.918
2021-08-26,7150.10009765625,7150.10009765625,7095.39990234375,7125.0,7125.0,391705500,2800733533802.49
2021-08-27,7125.0,7157.60009765625,7108.5,7148.0,7148.0,425583800,3032284575000.0
2021-08-31,7148.0,7160.5,7092.0,7119.7001953125,7119.7001953125,1002276600,7164273136800.0
2021-09-01,7119.7001953125,7187.2998046875,7119.7001953125,7149.7998046875,7149.7998046875,522902700,3722910455319.4336
2021-09-02,7149.7998046875,7168.7998046875,7129.7001953125,7163.89990234375,7163.89990234375,538705600,3851637193664.0625
2021-09-03,7163.89990234375,7182.2001953125,7123.89990234375,7138.39990234375,7138.39990234375,499092300,3575447279230.5176
2021-09-06,7138.39990234375,7195.60009765625,7138.39990234375,7187.2001953125,7187.2001953125,306418900,2187340645836.2793
2021-09-07,7187.2001953125,7187.2001953125,7147.89990234375,7149.39990234375,7149.39990234375,466824500,3355161137576.66
2021-09-08,7149.39990234375,7149.39990234375,7061.10009765625,7095.5,7095.5,567994400,4060819107891.797
2021-09-09,7095.5,7095.5,6998.60009765625,7024.2001953125,7024.2001953125,695389400,4934135487700.0
2021-09-10,7024.2001953125,7055.2001953125,7014.39990234375,7029.2001953125,7029.2001953125,492655900,3460513669001.8555
2021-09-13,7029.2001953125,7090.7998046875,7029.2001953125,7068.39990234375,7068.39990234375,545721200,3835983565626.172
2021-09-14,7068.39990234375,7068.5,7020.10009765625,7034.10009765625,7034.10009765625,678394800,4795165738070.508
2021-09-15,7034.10009765625,7047.2998046875,7016.5,7016.5,7016.5,772561700,5434276329415.479
2021-09-16,7016.5,7059.0,7016.2998046875,7027.5,7027.5,667606300,4684259603950.0
2021-09-17,7027.5,7092.7001953125,6941.7001953125,6963.60009765625,6963.60009765625,1627774500,11439185298750.0
2021-09-20,6963.60009765625,6963.60009765625,6828.2998046875,6903.89990234375,6903.89990234375,905908000,6308381037267.578
2021-09-21,6903.89990234375,7004.89990234375,6903.89990234375,6981.0,6981.0,811822000,5604737826520.508
2021-09-22,6981.0,7090.5,6981.0,7083.39990234375,7083.39990234375,623048700,4349502974700.0
2021-09-23,7083.39990234375,7131.39990234375,7070.7001953125,7078.39990234375,7078.39990234375,731206400,5179427342353.125
2021-09-24,7078.39990234375,7080.2001953125,7041.2998046875,7051.5,7051.5,836348200,5920007017205.371
2021-09-27,7051.5,7122.10009765625,7043.2001953125,7063.39990234375,7063.39990234375,900413700,6349267205550.0
2021-09-28,7063.39990234375,7071.39990234375,7015.60009765625,7028.10009765625,7028.10009765625,819400500,5787753411680.42
2021-09-29,7028.10009765625,7117.5,7026.89990234375,7108.2001953125,7108.2001953125,810850000,5698734964184.57
2021-09-30,7108.2001953125,7159.60009765625,7072.60009765625,7086.39990234375,7086.39990234375,868050200,6170274601181.055
2021-10-01,7086.39990234375,7086.39990234375,6989.60009765625,7027.10009765625,7027.10009765625,815417000,5778370949169.434
2021-10-04,7027.10009765625,7072.5,7002.7001953125,7011.0,7011.0,792854800,5571470042507.227
2021-10-05,7011.0,7084.5,7011.0,7077.10009765625,7077.10009765625,846145500,5932326100500.0
2021-10-06,7077.10009765625,7077.10009765625,6945.5,6995.89990234375,6995.89990234375,944014100,6680882279298.877
2021-10-07,6995.89990234375,7094.89990234375,6995.89990234375,7078.0,7078.0,709629100,4964494151390.283
2021-10-08,7078.0,7109.2998046875,7070.5,7095.60009765625,7095.60009765625,707356500,5006669307000.0
2021-10-11,7095.60009765625,7146.89990234375,7085.89990234375,7146.89990234375,7146.89990234375,709511700,5034411287808.252
2021-10-12,7146.89990234375,7146.89990234375,7063.39990234375,7130.2001953125,7130.2001953125,815613600,5829108758190.234
2021-10-13,7130.2001953125,7152.89990234375,7087.89990234375,7141.7998046875,7141.7998046875,1041234500,7424210435266.113
2021-10-14,7141.7998046875,7216.2001953125,7141.7998046875,7207.7001953125,7207.7001953125,785955800,5613138978933.008
2021-10-15,7207.7001953125,7243.89990234375,7206.2998046875,7234.0,7234.0,813605700,5864225962797.363
2021-10-18,7234.0,7234.0,7180.2001953125,7203.7998046875,7203.7998046875,580835500,4201764007000.0
2021-10-19,7203.7998046875,7223.2998046875,7189.5,7217.5,7217.5,677316100,4879249588891.699
2021-10-20,7217.5,7229.2998046875,7199.2998046875,7223.10009765625,7223.10009765625,655710900,4732593420750.0
2021-10-21,7223.10009765625,7227.10009765625,7181.7001953125,7190.2998046875,7190.2998046875,615511300,4445899731138.525
2021-10-22,7190.2998046875,7235.2001953125,7190.2998046875,7204.60009765625,7204.60009765625,482745100,3471081998243.8477
2021-10-25,7204.60009765625,7247.5,7204.60009765625,7222.7998046875,7222.7998046875,590620500,4255184511977.783
2021-10-26,7222.7998046875,7281.2001953125,7222.7998046875,7277.60009765625,7277.60009765625,683335400,4935594793656.055
2021-10-27,7277.60009765625,7280.5,7247.2998046875,7253.2998046875,7253.2998046875,606503800,4413892114108.887
2021-10-28,7253.2998046875,7257.89990234375,7219.7001953125,7249.5,7249.5,677063000,4910940925661.133
2021-10-29,7249.5,7249.5,7192.10009765625,7237.60009765625,7237.60009765625,875049200,6343669175400.0
2021-11-01,7237.60009765625,7303.39990234375,7237.60009765625,7288.60009765625,7288.60009765625,644379600,4663761855887.695
2021-11-02,7288.60009765625,7288.60009765625,7240.0,7274.7998046875,7274.7998046875,788360700,5746045875008.35
2021-11-03,7274.7998046875,7277.60009765625,7235.2998046875,7248.89990234375,7248.89990234375,729024900,5303510200132.324
2021-11-04,7248.89990234375,7293.0,7247.60009765625,7279.89990234375,7279.89990234375,988387200,7164719877557.8125
2021-11-05,7279.89990234375,7331.2998046875,7270.0,7304.0,7304.0,829628100,6039609524171.631
2021-11-08,7304.0,7316.5,7293.5,7300.39990234375,7300.39990234375,617444100,4509811706400.0
2021-11-09,7300.39990234375,7314.10009765625,7268.7998046875,7274.0,7274.0,780375900,5697056144151.416
2021-11-10,7274.0,7340.2001953125,7270.10009765625,7340.2001953125,7340.2001953125,908302100,6606989475400.0
2021-11-11,7340.2001953125,7394.39990234375,7329.7001953125,7384.2001953125,7384.2001953125,672658500,4937448053078.613
2021-11-12,7384.2001953125,7402.7001953125,7340.5,7347.89990234375,7347.89990234375,766415500,5659365484790.527
2021-11-15,7347.89990234375,7363.5,7324.10009765625,7351.89990234375,7351.89990234375,604752800,4443663040062.109
2021-11-16,7351.89990234375,7368.2998046875,7324.10009765625,7327.0,7327.0,849713500,6247008597670.166
2021-11-17,7327.0,7327.0,7290.0,7291.2001953125,7291.2001953125,980280900,7182518154300.0
2021-11-18,7291.2001953125,7291.2998046875,7242.0,7256.0,7256.0,590225200,4303450093518.3594
2021-11-19,7256.0,7289.5,7198.7998046875,7223.60009765625,7223.60009765625,1174484200,8522057355200.0
2021-11-22,7223.60009765625,7272.60009765625,7207.7998046875,7255.5,7255.5,638191500,4610040181723.389
2021-11-23,7255.5,7293.10009765625,7204.39990234375,7266.7001953125,7266.7001953125,624614500,4531890504750.0
2021-11-24,7266.7001953125,7307.89990234375,7246.0,7286.2998046875,7286.2998046875,661514300,4807026093012.012
2021-11-25,7286.2998046875,7311.89990234375,7286.2998046875,7310.39990234375,7310.39990234375,487924100,3555161274532.324
2021-11-26,7310.39990234375,7310.39990234375,7042.10009765625,7044.0,7044.0,1714871800,12536398639252.05
2021-11-29,7044.0,7161.89990234375,7044.0,7110.0,7110.0,945061900,6657016023600.0
2021-11-30,7110.0,7110.0,6989.7001953125,7059.5,7059.5,1459578100,10377600291000.0
2021-12-01,7059.5,7182.0,7059.39990234375,7168.7001953125,7168.7001953125,779578300,5503433008850.0
2021-12-02,7168.7001953125,7168.7001953125,7083.2001953125,7129.2001953125,7129.2001953125,724509800,5193793544765.82
2021-12-03,7129.2001953125,7196.10009765625,7105.2998046875,7122.2998046875,7122.2998046875,867111100,6181808623477.637
2021-12-06,7122.2998046875,7246.2998046875,7122.2998046875,7232.2998046875,7232.2998046875,637274000,4538856485732.422
2021-12-07,7232.2998046875,7344.7001953125,7232.2998046875,7339.89990234375,7339.89990234375,783615400,5667341504370.117
2021-12-08,7339.89990234375,7378.89990234375,7333.60009765625,7337.39990234375,7337.39990234375,776663000,5700628677854.004
2021-12-09,7337.10009765625,7366.10009765625,7303.0,7321.2998046875,7321.2998046875,615185100,4513674657286.67
2021-12-10,7321.2998046875,7331.60009765625,7284.7998046875,7291.7998046875,7291.7998046875,533854300,3908507382321.582
2021-12-13,7291.7998046875,7309.2001953125,7226.60009765625,7231.39990234375,7231.39990234375,1173948800,8560199630553.125
2021-12-14,7231.39990234375,7284.5,7218.60009765625,7218.60009765625,7218.60009765625,662325900,4789543448579.736
2021-12-15,7218.60009765625,7224.89990234375,7166.7998046875,7170.7998046875,7170.7998046875,813609300,5873120172434.033
2021-12-16,7170.7998046875,7273.2998046875,7170.7998046875,7260.60009765625,7260.60009765625,1155236100,8283966800247.949
2021-12-17,7260.60009765625,7286.5,7236.2001953125,7269.89990234375,7269.89990234375,1477578800,10728108779574.805
2021-12-20,7269.89990234375,7269.89990234375,7101.0,7198.0,7198.0,925062200,6725109597441.895
2021-12-21,7198.0,7297.39990234375,7198.0,7297.39990234375,7297.39990234375,683669700,4921054500600.0
2021-12-22,7297.39990234375,7341.7001953125,7273.5,7341.7001953125,7341.7001953125,514772900,3756503710189.209
2021-12-23,7341.7001953125,7385.39990234375,7331.10009765625,7373.2998046875,7373.2998046875,422671500,3103127434103.0273
2021-12-24,7373.2998046875,7403.7001953125,7368.7998046875,7372.10009765625,7372.10009765625,126005500,929076328539.5508
2021-12-29,7372.10009765625,7457.10009765625,7372.10009765625,7420.7001953125,7420.7001953125,445975700,3287777501522.3145
2021-12-30,7420.7001953125,7433.39990234375,7403.0,7403.0,7403.0,266402700,1976894567921.7773
2021-12-31,7403.0,7403.0,7357.10009765625,7384.5,7384.5,179343800,1327682151400.0
2022-01-04,7384.5,7520.7998046875,7384.5,7505.2001953125,7505.2001953125,934179500,6898448517750.0
2022-01-05,7505.2001953125,7530.0,7484.2998046875,7516.89990234375,7516.89990234375,707511200,5310013196425.781
2022-01-06,7516.89990234375,7516.89990234375,7420.0,7450.39990234375,7450.39990234375,843728700,6342224182634.619
2022-01-07,7450.39990234375,7485.2998046875,7431.89990234375,7485.2998046875,7485.2998046875,705191000,5253954957533.691
2022-01-10,7485.2998046875,7496.10009765625,7422.89990234375,7445.2998046875,7445.2998046875,1047171300,7838391127364.355
2022-01-11,7445.2998046875,7497.10009765625,7445.2998046875,7491.39990234375,7491.39990234375,727102400,5413495356707.8125
2022-01-12,7491.39990234375,7564.2001953125,7491.39990234375,7551.7001953125,7551.7001953125,873805500,6546026437367.432
2022-01-13,7551.7001953125,7566.5,7530.10009765625,7563.89990234375,7563.89990234375,776326000,5862581205826.172
2022-01-14,7563.89990234375,7568.2001953125,7523.0,7543.0,7543.0,790074900,5976047458954.248
2022-01-17,7543.0,7616.10009765625,7543.0,7611.2001953125,7611.2001953125,812336800,6127456482400.0
2022-01-18,7611.2001953125,7613.10009765625,7532.0,7563.60009765625,7563.60009765625,953228000,7255209139777.344
2022-01-19,7563.60009765625,7614.89990234375,7525.2001953125,7589.7001953125,7589.7001953125,867104400,6558430924518.164
2022-01-20,7589.7001953125,7619.0,7549.89990234375,7585.0,7585.0,786613700,5970162152525.488
2022-01-21,7585.0,7585.0,7450.5,7494.10009765625,7494.10009765625,819199800,6213630483000.0
2022-01-24,7494.10009765625,7494.10009765625,7283.39990234375,7297.2001953125,7297.2001953125,1332106600,9982940201148.535
2022-01-25,7297.2001953125,7382.60009765625,7297.2001953125,7371.5,7371.5,851981700,6217081027642.676
2022-01-26,7371.5,7525.60009765625,7371.5,7469.7998046875,7469.7998046875,783181000,5773218741500.0
2022-01-27,7469.7998046875,7596.7001953125,7388.7998046875,7554.2998046875,7554.2998046875,1022547800,7638227356723.633
2022-01-28,7554.2998046875,7554.2998046875,7420.2001953125,7466.10009765625,7466.10009765625,1529106100,11551325912576.465
2022-01-31,7466.10009765625,7524.0,7450.89990234375,7464.39990234375,7464.39990234375,761419500,5684834203307.373
2022-02-01,7464.39990234375,7549.2998046875,7463.0,7535.7998046875,7535.7998046875,746456700,5571851318583.838
2022-02-02,7535.7998046875,7605.60009765625,7535.7998046875,7583.0,7583.0,719672400,5423307131358.984
2022-02-03,7583.0,7605.7998046875,7528.7001953125,7528.7998046875,7528.7998046875,911775100,6913990583300.0
2022-02-04,7528.7998046875,7599.7001953125,7497.2001953125,7516.39990234375,7516.39990234375,885041900,6663303283860.254
2022-02-07,7516.39990234375,7591.7001953125,7508.5,7573.5,7573.5,1073651000,8069990271551.27
2022-02-08,7573.5,7631.2998046875,7548.2001953125,7567.10009765625,7567.10009765625,804533800,6093136734300.0
2022-02-09,7567.10009765625,7657.89990234375,7567.10009765625,7643.39990234375,7643.39990234375,992005300,7506603402505.518
2022-02-10,7643.39990234375,7687.2998046875,7622.7001953125,7672.39990234375,7672.39990234375,831756900,6357450608233.74
2022-02-11,7672.39990234375,7672.39990234375,7596.10009765625,7661.0,7661.0,909140800,6975291785136.719
2022-02-14,7661.0,7661.0,7483.39990234375,7531.60009765625,7531.60009765625,925229500,7088183199500.0
